# name	country	ianaZoneId	lat	lon
# Supplementary catalogue: alternate spellings + major cities whose names differ from the IANA id.
# The runtime index merges this with every zone in ZoneId.getAvailableZoneIds().
Amman	Jordan	Asia/Amman	31.9454	35.9284
Aqaba	Jordan	Asia/Amman	29.5321	35.0063
Irbid	Jordan	Asia/Amman	32.5556	35.8500
Zarqa	Jordan	Asia/Amman	32.0728	36.0876
Dubai	United Arab Emirates	Asia/Dubai	25.2048	55.2708
Abu Dhabi	United Arab Emirates	Asia/Dubai	24.4539	54.3773
Sharjah	United Arab Emirates	Asia/Dubai	25.3463	55.4209
Riyadh	Saudi Arabia	Asia/Riyadh	24.7136	46.6753
Jeddah	Saudi Arabia	Asia/Riyadh	21.4858	39.1925
Mecca	Saudi Arabia	Asia/Riyadh	21.3891	39.8579
Medina	Saudi Arabia	Asia/Riyadh	24.5247	39.5692
Dammam	Saudi Arabia	Asia/Riyadh	26.3927	49.9777
Doha	Qatar	Asia/Qatar	25.2854	51.5310
Kuwait City	Kuwait	Asia/Kuwait	29.3759	47.9774
Manama	Bahrain	Asia/Bahrain	26.2285	50.5860
Muscat	Oman	Asia/Muscat	23.5880	58.3829
Cairo	Egypt	Africa/Cairo	30.0444	31.2357
Alexandria	Egypt	Africa/Cairo	31.2001	29.9187
Giza	Egypt	Africa/Cairo	30.0131	31.2089
Beirut	Lebanon	Asia/Beirut	33.8938	35.5018
Damascus	Syria	Asia/Damascus	33.5138	36.2765
Aleppo	Syria	Asia/Damascus	36.2021	37.1343
Baghdad	Iraq	Asia/Baghdad	33.3152	44.3661
Basra	Iraq	Asia/Baghdad	30.5085	47.7804
Erbil	Iraq	Asia/Baghdad	36.1911	44.0092
Jerusalem	Israel	Asia/Jerusalem	31.7683	35.2137
Tel Aviv	Israel	Asia/Jerusalem	32.0853	34.7818
Gaza	Palestine	Asia/Gaza	31.5017	34.4668
Ramallah	Palestine	Asia/Hebron	31.9038	35.2034
Istanbul	Turkiye	Europe/Istanbul	41.0082	28.9784
Ankara	Turkiye	Europe/Istanbul	39.9334	32.8597
Izmir	Turkiye	Europe/Istanbul	38.4237	27.1428
Tehran	Iran	Asia/Tehran	35.6892	51.3890
Casablanca	Morocco	Africa/Casablanca	33.5731	-7.5898
Rabat	Morocco	Africa/Casablanca	34.0209	-6.8416
Marrakesh	Morocco	Africa/Casablanca	31.6295	-7.9811
Algiers	Algeria	Africa/Algiers	36.7538	3.0588
Tunis	Tunisia	Africa/Tunis	36.8065	10.1815
Tripoli	Libya	Africa/Tripoli	32.8872	13.1913
Khartoum	Sudan	Africa/Khartoum	15.5007	32.5599
London	United Kingdom	Europe/London	51.5074	-0.1278
Manchester	United Kingdom	Europe/London	53.4808	-2.2426
Edinburgh	United Kingdom	Europe/London	55.9533	-3.1883
Birmingham	United Kingdom	Europe/London	52.4862	-1.8904
Dublin	Ireland	Europe/Dublin	53.3498	-6.2603
Paris	France	Europe/Paris	48.8566	2.3522
Lyon	France	Europe/Paris	45.7640	4.8357
Marseille	France	Europe/Paris	43.2965	5.3698
Berlin	Germany	Europe/Berlin	52.5200	13.4050
Munich	Germany	Europe/Berlin	48.1351	11.5820
Frankfurt	Germany	Europe/Berlin	50.1109	8.6821
Hamburg	Germany	Europe/Berlin	53.5511	9.9937
Madrid	Spain	Europe/Madrid	40.4168	-3.7038
Barcelona	Spain	Europe/Madrid	41.3851	2.1734
Valencia	Spain	Europe/Madrid	39.4699	-0.3763
Lisbon	Portugal	Europe/Lisbon	38.7223	-9.1393
Porto	Portugal	Europe/Lisbon	41.1579	-8.6291
Rome	Italy	Europe/Rome	41.9028	12.4964
Milan	Italy	Europe/Rome	45.4642	9.1900
Naples	Italy	Europe/Rome	40.8518	14.2681
Amsterdam	Netherlands	Europe/Amsterdam	52.3676	4.9041
Rotterdam	Netherlands	Europe/Amsterdam	51.9244	4.4777
Brussels	Belgium	Europe/Brussels	50.8503	4.3517
Zurich	Switzerland	Europe/Zurich	47.3769	8.5417
Geneva	Switzerland	Europe/Zurich	46.2044	6.1432
Vienna	Austria	Europe/Vienna	48.2082	16.3738
Prague	Czechia	Europe/Prague	50.0755	14.4378
Warsaw	Poland	Europe/Warsaw	52.2297	21.0122
Krakow	Poland	Europe/Warsaw	50.0647	19.9450
Budapest	Hungary	Europe/Budapest	47.4979	19.0402
Bucharest	Romania	Europe/Bucharest	44.4268	26.1025
Athens	Greece	Europe/Athens	37.9838	23.7275
Stockholm	Sweden	Europe/Stockholm	59.3293	18.0686
Oslo	Norway	Europe/Oslo	59.9139	10.7522
Copenhagen	Denmark	Europe/Copenhagen	55.6761	12.5683
Helsinki	Finland	Europe/Helsinki	60.1699	24.9384
Moscow	Russia	Europe/Moscow	55.7558	37.6173
Saint Petersburg	Russia	Europe/Moscow	59.9311	30.3609
Kyiv	Ukraine	Europe/Kyiv	50.4501	30.5234
New York	United States	America/New_York	40.7128	-74.0060
Washington	United States	America/New_York	38.9072	-77.0369
Boston	United States	America/New_York	42.3601	-71.0589
Philadelphia	United States	America/New_York	39.9526	-75.1652
Miami	United States	America/New_York	25.7617	-80.1918
Atlanta	United States	America/New_York	33.7490	-84.3880
Chicago	United States	America/Chicago	41.8781	-87.6298
Houston	United States	America/Chicago	29.7604	-95.3698
Dallas	United States	America/Chicago	32.7767	-96.7970
Austin	United States	America/Chicago	30.2672	-97.7431
Denver	United States	America/Denver	39.7392	-104.9903
Phoenix	United States	America/Phoenix	33.4484	-112.0740
Las Vegas	United States	America/Los_Angeles	36.1699	-115.1398
Los Angeles	United States	America/Los_Angeles	34.0522	-118.2437
San Francisco	United States	America/Los_Angeles	37.7749	-122.4194
Seattle	United States	America/Los_Angeles	47.6062	-122.3321
San Diego	United States	America/Los_Angeles	32.7157	-117.1611
Toronto	Canada	America/Toronto	43.6532	-79.3832
Montreal	Canada	America/Toronto	45.5017	-73.5673
Ottawa	Canada	America/Toronto	45.4215	-75.6972
Vancouver	Canada	America/Vancouver	49.2827	-123.1207
Calgary	Canada	America/Edmonton	51.0447	-114.0719
Mexico City	Mexico	America/Mexico_City	19.4326	-99.1332
Guadalajara	Mexico	America/Mexico_City	20.6597	-103.3496
Monterrey	Mexico	America/Monterrey	25.6866	-100.3161
Havana	Cuba	America/Havana	23.1136	-82.3666
Panama City	Panama	America/Panama	8.9824	-79.5199
Bogota	Colombia	America/Bogota	4.7110	-74.0721
Lima	Peru	America/Lima	-12.0464	-77.0428
Santiago	Chile	America/Santiago	-33.4489	-70.6693
Buenos Aires	Argentina	America/Argentina/Buenos_Aires	-34.6037	-58.3816
Sao Paulo	Brazil	America/Sao_Paulo	-23.5505	-46.6333
Rio de Janeiro	Brazil	America/Sao_Paulo	-22.9068	-43.1729
Brasilia	Brazil	America/Sao_Paulo	-15.7939	-47.8828
Lagos	Nigeria	Africa/Lagos	6.5244	3.3792
Abuja	Nigeria	Africa/Lagos	9.0765	7.3986
Accra	Ghana	Africa/Accra	5.6037	-0.1870
Nairobi	Kenya	Africa/Nairobi	-1.2921	36.8219
Addis Ababa	Ethiopia	Africa/Addis_Ababa	9.0320	38.7469
Dar es Salaam	Tanzania	Africa/Dar_es_Salaam	-6.7924	39.2083
Kampala	Uganda	Africa/Kampala	0.3476	32.5825
Johannesburg	South Africa	Africa/Johannesburg	-26.2041	28.0473
Cape Town	South Africa	Africa/Johannesburg	-33.9249	18.4241
Durban	South Africa	Africa/Johannesburg	-29.8587	31.0218
Karachi	Pakistan	Asia/Karachi	24.8607	67.0011
Lahore	Pakistan	Asia/Karachi	31.5204	74.3587
Islamabad	Pakistan	Asia/Karachi	33.6844	73.0479
Kabul	Afghanistan	Asia/Kabul	34.5553	69.2075
New Delhi	India	Asia/Kolkata	28.6139	77.2090
Mumbai	India	Asia/Kolkata	19.0760	72.8777
Bangalore	India	Asia/Kolkata	12.9716	77.5946
Hyderabad	India	Asia/Kolkata	17.3850	78.4867
Chennai	India	Asia/Kolkata	13.0827	80.2707
Kolkata	India	Asia/Kolkata	22.5726	88.3639
Dhaka	Bangladesh	Asia/Dhaka	23.8103	90.4125
Kathmandu	Nepal	Asia/Kathmandu	27.7172	85.3240
Colombo	Sri Lanka	Asia/Colombo	6.9271	79.8612
Bangkok	Thailand	Asia/Bangkok	13.7563	100.5018
Hanoi	Vietnam	Asia/Ho_Chi_Minh	21.0285	105.8542
Ho Chi Minh City	Vietnam	Asia/Ho_Chi_Minh	10.8231	106.6297
Kuala Lumpur	Malaysia	Asia/Kuala_Lumpur	3.1390	101.6869
Singapore	Singapore	Asia/Singapore	1.3521	103.8198
Jakarta	Indonesia	Asia/Jakarta	-6.2088	106.8456
Bali	Indonesia	Asia/Makassar	-8.3405	115.0920
Manila	Philippines	Asia/Manila	14.5995	120.9842
Beijing	China	Asia/Shanghai	39.9042	116.4074
Shanghai	China	Asia/Shanghai	31.2304	121.4737
Shenzhen	China	Asia/Shanghai	22.5431	114.0579
Guangzhou	China	Asia/Shanghai	23.1291	113.2644
Hong Kong	Hong Kong	Asia/Hong_Kong	22.3193	114.1694
Taipei	Taiwan	Asia/Taipei	25.0330	121.5654
Seoul	South Korea	Asia/Seoul	37.5665	126.9780
Busan	South Korea	Asia/Seoul	35.1796	129.0756
Tokyo	Japan	Asia/Tokyo	35.6762	139.6503
Osaka	Japan	Asia/Tokyo	34.6937	135.5023
Kyoto	Japan	Asia/Tokyo	35.0116	135.7681
Sydney	Australia	Australia/Sydney	-33.8688	151.2093
Melbourne	Australia	Australia/Melbourne	-37.8136	144.9631
Brisbane	Australia	Australia/Brisbane	-27.4698	153.0251
Perth	Australia	Australia/Perth	-31.9505	115.8605
Adelaide	Australia	Australia/Adelaide	-34.9285	138.6007
Auckland	New Zealand	Pacific/Auckland	-36.8485	174.7633
Wellington	New Zealand	Pacific/Auckland	-41.2866	174.7756
Suva	Fiji	Pacific/Fiji	-18.1248	178.4501
Honolulu	United States	Pacific/Honolulu	21.3069	-157.8583
Anchorage	United States	America/Anchorage	61.2181	-149.9003
Reykjavik	Iceland	Atlantic/Reykjavik	64.1466	-21.9426
Almaty	Kazakhstan	Asia/Almaty	43.2220	76.8512
Tashkent	Uzbekistan	Asia/Tashkent	41.2995	69.2401
Baku	Azerbaijan	Asia/Baku	40.4093	49.8671
Tbilisi	Georgia	Asia/Tbilisi	41.7151	44.8271
Yerevan	Armenia	Asia/Yerevan	40.1792	44.4991
